{
    "models": [
        {
            "position": [
                16.94099998474121,
                0.0,
                0.0
            ],
            "rotation": [
                0.0,
                0.0,
                0.0
            ],
            "scale": [
                1.0,
                1.0,
                1.0
            ]
        },
        {
            "position": [
                0.0,
                8.470999717712402,
                0.0
            ],
            "rotation": [
                0.0,
                237.17599487304688,
                0.0
            ],
            "scale": [
                1.0,
                1.0,
                1.0
            ]
        }
    ]
}